Workbook

Sheet Riepilogo di esportazione
B3: Questo documento è stato esportato da Numbers. Tutte le tabelle sono state convertite in un foglio di lavoro di Excel. Tutti gli altri oggetti di ciascun foglio di Numbers sono stati collocati in fogli di lavoro separati. Nota che i calcoli delle formule potrebbero differire in Excel.
B7: Nome del foglio di Numbers | C7: Nome della tabella di Numbers | D7: Nome foglio di lavoro Excel
B9: WBS
C10: Tabella 1 | D10: WBS
B11: ELB_Esecutivo
C12: Tabella 1 | D12: ELB_Esecutivo

Sheet WBS
A1: CODICE PROGETTO | B1: STATO DEL PROGETTO | D1: AMBITO | F1: EDIFICIO | H1: LIVELLO | J1: TIPO DI ELABORATO
B2: PP | C2: Progetto Preliminare | D2: 0G | E2: Generali | F2: GN | G2: Generale | H2: GE | I2: Generale | J2: ELB | K2: Elenco elaborati
B3: PD | C3: Progetto Definitivo | D3: 1A | E3: Architettonici | F3: A | G3: Corpo A | H3: P0 | I3: Piano Terra | J3: REL | K3: Relazione
B4: PE | C4: Progetto Esecutivo | D4: 2S | E4: Strutturali | F4: B | G4: Corpo B | H4: P1 | I4: Piano Primo | J4: CAL | K4: Calcoli
B5: IN | C5: Piano di indagini | D5: 3I | E5: Impianti | F5: Z | G5: Colletto | H5: P2 | I5: Piano Secondo | J5: SCH | K5: Schema
D6: 4S | E6: Sicurezza | F6: C | G6: Corpo C | H6: P3 | I6: Piano Terzo | J6: VAL | K6: Valutazioni
D7: 7R | E7: Rilievo | F7: D | G7: Corpo D | H7: P4 | I7: Piano Terzo | J7: CME | K7: Computi Metrici
D8: 8PI | E8: Prevenzione Incendi | F8: F | G8: Corpo F | H8: P5 | I8: Piano Terzo | J8: EPU | K8: Elenco prezzi ed Analisi
F9: G | G9: Corpo G | H9: P6 | I9: Piano Terzo | J9: ANP | K9: Analisi prezzi
F10: H | G10: Corpo H | H10: P7 | I10: Piano Terzo | J10: CRO | K10: Cronoprogramma
F11: BFG | G11: Corpi BFG | H11: P8 | I11: Piano Terzo | J11: DIS | K11: Disciplinare
F12: CDEH | G12: Corpi CDEH | H12: P9 | I12: Piano Terzo | J12: CSA | K12: Capitolato Speciale
H13: P10 | I13: Piano Terzo | J13: QTE | K13: Quadro tecnico economico
H14: P11 | I14: Piano Terzo | J14: PLN | K14: Planimetria
H15: P12 | I15: Piano Terzo | J15: PNT | K15: Piante
H16: P13 | I16: Piano Terzo | J16: SEZ | K16: Sezioni
H17: P14 | I17: Piano Terzo | J17: PRO | K17: Prospetti
H18: P15 | I18: Piano Terzo | J18: ABA | K18: Abaco
H19: P16 | I19: Piano Terzo | J19: CRP | K19: Carpenterie
H20: P17 | I20: Piano Terzo | J20: ARM | K20: Armature
H21: P18 | I21: Piano Terzo | J21: MET | K21: Carpenteria Metallica
H22: P19 | I22: Piano Terzo | J22: DET | K22: Dettagli
H23: PI | I23: Piano Interrato | J23: INF | K23: Gestione informativa
J24: CAP | K24: Capitolato Speciale
J25: SCC | K25: Schema di contratto
H26: PR | I26: Piano rialzato | J26: TIP | K26: Tipologico
H27: PC | I27: Copertura

Sheet ELB_Esecutivo
A1: 25007 Edificio Arlecchino Camaiore | O1: Relazione/Tavola | P1: Copertina/Cartiglio | Q1: Ultima verifica | R1: Consegnato | S1: Note
A2: TW1923
B3: Disciplina | C3: Progetto | D3: Fase | E3: Disc. | F3: Edificio | G3: Liv. | H3: Tipo | I3: Prog. | J3: Rev | K3: Codice Elaborato | L3: Titolo Elaborato | M3: Scala | N3: Data consegna/revisione
B4: ELABORATI GENERALI | C4: 25007 | D4: PE | E4: 0G | F4: GN | G4: GE | H4: ELB | I4: 000 | J4: 00 | K4: =CONCATENATE(D4,".",E4,".",F4,".",G4,".",H4,".",I4,".",J4) -> PE.0G.GN.GE.ELB.000.00 | L4: Elenco degli elaborati | M4: -
B5: ELABORATI GENERALI | C5: 25007 | D5: PE | E5: 0G | F5: GN | G5: GE | H5: REL | I5: 001 | J5: 00 | K5: =CONCATENATE(D5,".",E5,".",F5,".",G5,".",H5,".",I5,".",J5) -> PE.0G.GN.GE.REL.001.00 | L5: Relazione generale | M5: -
B6: ELABORATI GENERALI | C6: 25007 | D6: PE | E6: 0G | F6: GN | G6: GE | H6: REL | I6: 002 | J6: 00 | K6: =CONCATENATE(D6,".",E6,".",F6,".",G6,".",H6,".",I6,".",J6) -> PE.0G.GN.GE.REL.002.00 | L6: Relazione sui Criteri Ambientali Minimi (CAM) | M6: -
B7: ELABORATI GENERALI | C7: 25007 | D7: PE | E7: 0G | F7: GN | G7: GE | H7: REL | I7: 003 | J7: 00 | K7: =CONCATENATE(D7,".",E7,".",F7,".",G7,".",H7,".",I7,".",J7) -> PE.0G.GN.GE.REL.003.00 | L7: Allegati CAM | M7: -
B8: ELABORATI GENERALI | C8: 25007 | D8: PE | E8: 0G | F8: GN | G8: GE | H8: REL | I8: 004 | J8: 00 | K8: =CONCATENATE(D8,".",E8,".",F8,".",G8,".",H8,".",I8,".",J8) -> PE.0G.GN.GE.REL.004.00 | L8: Relazione specialistica DNSH | M8: -
B9: ELABORATI GENERALI | C9: 25007 | D9: PE | E9: 0G | F9: GN | G9: GE | H9: REL | I9: 005 | J9: 00 | K9: =CONCATENATE(D9,".",E9,".",F9,".",G9,".",H9,".",I9,".",J9) -> PE.0G.GN.GE.REL.005.00 | L9: Piano di manutenzione | M9: -
B10: ELABORATI GENERALI | C10: 25007 | D10: PE | E10: 0G | F10: GN | G10: GE | H10: REL | I10: 006 | J10: 00 | K10: =CONCATENATE(D10,".",E10,".",F10,".",G10,".",H10,".",I10,".",J10) -> PE.0G.GN.GE.REL.006.00 | L10: Relazione sulla gestione delle materie e rocce da scavo | M10: -
B11: ELABORATI GENERALI | C11: 25007 | D11: PE | E11: 0G | F11: GN | G11: GE | H11: ELB | I11: 007 | J11: 00 | K11: =CONCATENATE(D11,".",E11,".",F11,".",G11,".",H11,".",I11,".",J11) -> PE.0G.GN.GE.ELB.007.00 | L11: Relazione sulla prevenzione incendi | M11: -
B12: ELABORATI GENERALI | C12: 25007 | D12: PE | E12: 0G | F12: GN | G12: GE | H12: ELB | I12: 008 | J12: 00 | K12: =CONCATENATE(D12,".",E12,".",F12,".",G12,".",H12,".",I12,".",J12) -> PE.0G.GN.GE.ELB.008.00 | L12: Relazione requisiti acustici passivi | M12: -
B13: ELABORATI GENERALI | C13: 25007 | D13: PE | E13: 0G | F13: GN | G13: GE | H13: REL | I13: 009 | J13: 00 | K13: =CONCATENATE(D13,".",E13,".",F13,".",G13,".",H13,".",I13,".",J13) -> PE.0G.GN.GE.REL.009.00 | L13: Relazione tecnica legge 10 | M13: -
B14: ELABORATI GENERALI | C14: 25007 | D14: PE | E14: 0G | F14: GN | G14: GE | H14: CRO | I14: 010 | J14: 00 | K14: =CONCATENATE(D14,".",E14,".",F14,".",G14,".",H14,".",I14,".",J14) -> PE.0G.GN.GE.CRO.010.00 | L14: Cronoprogramma dei lavori | M14: -
B15: ELABORATI GENERALI | C15: 25007 | D15: PE | E15: 0G | F15: GN | G15: GE | H15: QTE | I15: 011 | J15: 00 | K15: =CONCATENATE(D15,".",E15,".",F15,".",G15,".",H15,".",I15,".",J15) -> PE.0G.GN.GE.QTE.011.00 | L15: Quadro tecnico economico | M15: -
... B20: ELABORATI GENERALI | C20: 25007 | D20: PE | E20: 0G | F20: GN | G20: GE | H20: CME | I20: 016 | J20: 00 | K20: =CONCATENATE(D20,".",E20,".",F20,".",G20,".",H20,".",I20,".",J20) -> PE.0G.GN.GE.CME.016.00 | L20: Computo metrico estimativo_Oneri della sicurezza | M20: -
A21: ELABORATI DESCRITTIVI DELLE OPERE ARCHITETTONICHE
B22: ELABORATI GENERALI | C22: 25007 | D22: PE | E22: 1A | F22: GN | G22: GE | H22: REL | I22: 000 | J22: 00 | K22: =CONCATENATE(D22,".",E22,".",F22,".",G22,".",H22,".",I22,".",J22) -> PE.1A.GN.GE.REL.000.00 | L22: Relazione tecnica delle opere architettoniche e requisiti igienico sanitari | M22: -
B23: ELABORATI GENERALI | C23: 25007 | D23: PE | E23: 1A | F23: GN | G23: GE | H23: REL | I23: 001 | J23: 00 | K23: =CONCATENATE(D23,".",E23,".",F23,".",G23,".",H23,".",I23,".",J23) -> PE.1A.GN.GE.REL.001.00 | L23: Relazione sul superamento delle barriere architettoniche | M23: -
B24: ELABORATI GENERALI | C24: 25007 | D24: PE | E24: 1A | F24: GN | G24: GE | H24: REL | I24: 002 | J24: 00 | K24: =CONCATENATE(D24,".",E24,".",F24,".",G24,".",H24,".",I24,".",J24) -> PE.1A.GN.GE.REL.002.00 | L24: Inquadramento urbanistico e territoriale, mappa catastale e carte dei vincoli | M24: -
B25: ELABORATI GENERALI | C25: 25007 | D25: PE | E25: 1A | F25: GN | G25: GE | H25: CAP | I25: 003 | J25: 00 | K25: =CONCATENATE(D25,".",E25,".",F25,".",G25,".",H25,".",I25,".",J25) -> PE.1A.GN.GE.CAP.003.00 | L25: Capitolato speciale d'appalto - Parte tecnica - Opere edili | M25: -
A26: ELABORATI DESCRITTIVI DELLE OPERE STRUTTURALI
B27: ELABORATI GENERALI | C27: 25007 | D27: PE | E27: 2S | F27: GN | G27: GE | H27: ELB | I27: 200 | J27: 00 | K27: =CONCATENATE(D27,".",E27,".",F27,".",G27,".",H27,".",I27,".",J27) -> PE.2S.GN.GE.ELB.200.00 | L27: Relazione tecnica generale delle opere strutturali | M27: -
B28: ELABORATI GENERALI | C28: 25007 | D28: PE | E28: 2S | F28: GN | G28: GE | H28: ELB | I28: 201 | J28: 01 | K28: =CONCATENATE(D28,".",E28,".",F28,".",G28,".",H28,".",I28,".",J28) -> PE.2S.GN.GE.ELB.201.01 | L28: Relazione sui materiali delle opere strutturali | M28: -
B29: ELABORATI GENERALI | C29: 25007 | D29: PE | E29: 2S | F29: GN | G29: GE | H29: ELB | I29: 202 | J29: 02 | K29: =CONCATENATE(D29,".",E29,".",F29,".",G29,".",H29,".",I29,".",J29) -> PE.2S.GN.GE.ELB.202.02 | L29: Relazione sulle fondazioni delle opere strutturali | M29: -
B30: ELABORATI GENERALI | C30: 25007 | D30: PE | E30: 2S | F30: GN | G30: GE | H30: ELB | I30: 203 | J30: 03 | K30: =CONCATENATE(D30,".",E30,".",F30,".",G30,".",H30,".",I30,".",J30) -> PE.2S.GN.GE.ELB.203.03 | L30: Relazione di calcolo delle opere strutturali | M30: -
B31: ELABORATI GENERALI | C31: 25007 | D31: PE | E31: 2S | F31: GN | G31: GE | H31: ELB | I31: 204 | J31: 04 | K31: =CONCATENATE(D31,".",E31,".",F31,".",G31,".",H31,".",I31,".",J31) -> PE.2S.GN.GE.ELB.204.04 | L31: Relazione geotecnica delle opere strutturali | M31: -
A32: ELABORATI DESCRITTIVI DEGLI IMPIANTI ELETTRICI
B33: ELABORATI GENERALI | C33: 25007 | D33: PE | E33: 3I | F33: GN | G33: GE | H33: REL | I33: 000 | J33: 00 | K33: =CONCATENATE(D33,".",E33,".",F33,".",G33,".",H33,".",I33,".",J33) -> PE.3I.GN.GE.REL.000.00 | L33: Relazione specialistica impianti elettrici | M33: -
B34: ELABORATI GENERALI | C34: 25007 | D34: PE | E34: 3I | F34: GN | G34: GE | H34: CAL | I34: 001 | J34: 00 | K34: =CONCATENATE(D34,".",E34,".",F34,".",G34,".",H34,".",I34,".",J34) -> PE.3I.GN.GE.CAL.001.00 | L34: Fascicolo di calcolo illuminotecnico
B35: ELABORATI GENERALI | C35: 25007 | D35: PE | E35: 3I | F35: GN | G35: GE | H35: REL | I35: 002 | J35: 00 | K35: =CONCATENATE(D35,".",E35,".",F35,".",G35,".",H35,".",I35,".",J35) -> PE.3I.GN.GE.REL.002.00 | L35: Relazione impianto fotovoltaico | M35: -
B36: ELABORATI GENERALI | C36: 25007 | D36: PE | E36: 3I | F36: GN | G36: GE | H36: CAP | I36: 003 | J36: 00 | K36: =CONCATENATE(D36,".",E36,".",F36,".",G36,".",H36,".",I36,".",J36) -> PE.3I.GN.GE.CAP.003.00 | L36: Capitolato speciale d'appalto - Parte tecnica - Opere impiantistiche_elettrico | M36: -
A37: ELABORATI DESCRITTIVI DEGLI IMPIANTI MECCANICI
B38: ELABORATI GENERALI | C38: 25007 | D38: PE | E38: 3I | F38: GN | G38: GE | H38: REL | I38: 004 | J38: 00 | K38: =CONCATENATE(D38,".",E38,".",F38,".",G38,".",H38,".",I38,".",J38) -> PE.3I.GN.GE.REL.004.00 | L38: Relazione specialistica impianti idrico sanitario | M38: -
B39: ELABORATI GENERALI | C39: 25007 | D39: PE | E39: 3I | F39: GN | G39: GE | H39: REL | I39: 005 | J39: 00 | K39: =CONCATENATE(D39,".",E39,".",F39,".",G39,".",H39,".",I39,".",J39) -> PE.3I.GN.GE.REL.005.00 | L39: Relazione specialistica impianti meccanici | M39: -
B40: ELABORATI GENERALI | C40: 25007 | D40: PE | E40: 3I | F40: GN | G40: GE | H40: CAL | I40: 005 | J40: 00 | K40: =CONCATENATE(D40,".",E40,".",F40,".",G40,".",H40,".",I40,".",J40) -> PE.3I.GN.GE.CAL.005.00 | L40: Fascicolo di calcolo impianti meccanici | M40: -
B41: ELABORATI GENERALI | C41: 25007 | D41: PE | E41: 3I | F41: GN | G41: GE | H41: CAP | I41: 006 | J41: 00 | K41: =CONCATENATE(D41,".",E41,".",F41,".",G41,".",H41,".",I41,".",J41) -> PE.3I.GN.GE.CAP.006.00 | L41: Capitolato speciale d'appalto - Parte tecnica - Opere impiantistiche_meccanico | M41: -
A42: RILIEVO
A43: CORPO A
A44: =ROW()-3 -> 41 | B44: RILIEVO - CORPO A | C44: =WBS!$A$2 | D44: PE | E44: 7R | F44: A | G44: PI | H44: PNT | I44: 001 | J44: 00 | K44: =CONCATENATE(D44,".",E44,".",F44,".",G44,".",H44,".",I44,".",J44) -> PE.7R.A.PI.PNT.001.00 | L44: Piano interrato | M44: 1:100
A45: =ROW()-3 -> 42 | B45: RILIEVO - CORPO A | C45: =WBS!$A$2 | D45: PE | E45: 7R | F45: A | G45: P0 | H45: PNT | I45: 002 | J45: 00 | K45: =CONCATENATE(D45,".",E45,".",F45,".",G45,".",H45,".",I45,".",J45) -> PE.7R.A.P0.PNT.002.00 | L45: Piano terra | M45: 1:100
A46: =ROW()-3 -> 43 | B46: RILIEVO - CORPO A | C46: =WBS!$A$2 | D46: PE | E46: 7R | F46: A | G46: PR | H46: PNT | I46: 003 | J46: 00 | K46: =CONCATENATE(D46,".",E46,".",F46,".",G46,".",H46,".",I46,".",J46) -> PE.7R.A.PR.PNT.003.00 | L46: Piano rialzato | M46: 1:100
A47: =ROW()-3 -> 44 | B47: RILIEVO - CORPO A | C47: =WBS!$A$2 | D47: PE | E47: 7R | F47: A | G47: P1 | H47: PNT | I47: 004 | J47: 00 | K47: =CONCATENATE(D47,".",E47,".",F47,".",G47,".",H47,".",I47,".",J47) -> PE.7R.A.P1.PNT.004.00 | L47: Piano primo | M47: 1:100
A48: =ROW()-3 -> 45 | B48: RILIEVO - CORPO A | C48: =WBS!$A$2 | D48: PE | E48: 7R | F48: A | G48: P2 | H48: PNT | I48: 005 | J48: 00 | K48: =CONCATENATE(D48,".",E48,".",F48,".",G48,".",H48,".",I48,".",J48) -> PE.7R.A.P2.PNT.005.00 | L48: Piano secondo | M48: 1:100
A49: =ROW()-3 -> 46 | B49: RILIEVO - CORPO A | C49: =WBS!$A$2 | D49: PE | E49: 7R | F49: A | G49: P3 | H49: PNT | I49: 006 | J49: 00 | K49: =CONCATENATE(D49,".",E49,".",F49,".",G49,".",H49,".",I49,".",J49) -> PE.7R.A.P3.PNT.006.00 | L49: Piano terzo | M49: 1:100
A50: =ROW()-3 -> 47 | B50: RILIEVO - CORPO A | C50: =WBS!$A$2 | D50: PE | E50: 7R | F50: A | G50: P4 | H50: PNT | I50: 007 | J50: 00 | K50: =CONCATENATE(D50,".",E50,".",F50,".",G50,".",H50,".",I50,".",J50) -> PE.7R.A.P4.PNT.007.00 | L50: Piano quarto | M50: 1:100
A51: =ROW()-3 -> 48 | B51: RILIEVO - CORPO A | C51: =WBS!$A$2 | D51: PE | E51: 7R | F51: A | G51: P5 | H51: PNT | I51: 008 | J51: 00 | K51: =CONCATENATE(D51,".",E51,".",F51,".",G51,".",H51,".",I51,".",J51) -> PE.7R.A.P5.PNT.008.00 | L51: Piano quinto | M51: 1:100
A52: =ROW()-3 -> 49 | B52: RILIEVO - CORPO A | C52: =WBS!$A$2 | D52: PE | E52: 7R | F52: A | G52: P6 | H52: PNT | I52: 009 | J52: 00 | K52: =CONCATENATE(D52,".",E52,".",F52,".",G52,".",H52,".",I52,".",J52) -> PE.7R.A.P6.PNT.009.00 | L52: Piano sesto | M52: 1:100
A53: =ROW()-3 -> 50 | B53: RILIEVO - CORPO A | C53: =WBS!$A$2 | D53: PE | E53: 7R | F53: A | G53: P7 | H53: PNT | I53: 010 | J53: 00 | K53: =CONCATENATE(D53,".",E53,".",F53,".",G53,".",H53,".",I53,".",J53) -> PE.7R.A.P7.PNT.010.00 | L53: Piano settimo | M53: 1:100
A54: =ROW()-3 -> 51 | B54: RILIEVO - CORPO A | C54: =WBS!$A$2 | D54: PE | E54: 7R | F54: A | G54: P8 | H54: PNT | I54: 011 | J54: 00 | K54: =CONCATENATE(D54,".",E54,".",F54,".",G54,".",H54,".",I54,".",J54) -> PE.7R.A.P8.PNT.011.00 | L54: Piano ottavo | M54: 1:100
A55: =ROW()-3 -> 52 | B55: RILIEVO - CORPO A | C55: =WBS!$A$2 | D55: PE | E55: 7R | F55: A | G55: P9 | H55: PNT | I55: 012 | J55: 00 | K55: =CONCATENATE(D55,".",E55,".",F55,".",G55,".",H55,".",I55,".",J55) -> PE.7R.A.P9.PNT.012.00 | L55: Piano nono | M55: 1:100
... A70: =ROW()-3 -> 67 | B70: RILIEVO - CORPO A | C70: =WBS!$A$2 | D70: PE | E70: 7R | F70: A | G70: GE | H70: SEZ | I70: 027 | J70: 00 | K70: =CONCATENATE(D70,".",E70,".",F70,".",G70,".",H70,".",I70,".",J70) -> PE.7R.A.GE.SEZ.027.00 | L70: Sezione DD | M70: 1:100
A71: CORPO B / F /G
A72: =ROW()-3 -> 69 | B72: RILIEVO - CORPO B/F/G | C72: =WBS!$A$2 | D72: PE | E72: 7R | F72: BFG | G72: PI | H72: PNT | I72: 001 | J72: 00 | K72: =CONCATENATE(D72,".",E72,".",F72,".",G72,".",H72,".",I72,".",J72) -> PE.7R.BFG.PI.PNT.001.00 | L72: Piano interrato | M72: 1:100
A73: =ROW()-3 -> 70 | B73: RILIEVO - CORPO B/F/G | C73: =WBS!$A$2 | D73: PE | E73: 7R | F73: BFG | G73: P0 | H73: PNT | I73: 002 | J73: 00 | K73: =CONCATENATE(D73,".",E73,".",F73,".",G73,".",H73,".",I73,".",J73) -> PE.7R.BFG.P0.PNT.002.00 | L73: Piano terra | M73: 1:100
A74: =ROW()-3 -> 71 | B74: RILIEVO - CORPO B/F/G | C74: =WBS!$A$2 | D74: PE | E74: 7R | F74: BFG | G74: PR | H74: PNT | I74: 003 | J74: 00 | K74: =CONCATENATE(D74,".",E74,".",F74,".",G74,".",H74,".",I74,".",J74) -> PE.7R.BFG.PR.PNT.003.00 | L74: Piano rialzato | M74: 1:100
A75: =ROW()-3 -> 72 | B75: RILIEVO - CORPO B/F/G | C75: =WBS!$A$2 | D75: PE | E75: 7R | F75: BFG | G75: P1 | H75: PNT | I75: 004 | J75: 00 | K75: =CONCATENATE(D75,".",E75,".",F75,".",G75,".",H75,".",I75,".",J75) -> PE.7R.BFG.P1.PNT.004.00 | L75: Piano primo | M75: 1:100
A76: =ROW()-3 -> 73 | B76: RILIEVO - CORPO B/F/G | C76: =WBS!$A$2 | D76: PE | E76: 7R | F76: BFG | G76: P2 | H76: PNT | I76: 005 | J76: 00 | K76: =CONCATENATE(D76,".",E76,".",F76,".",G76,".",H76,".",I76,".",J76) -> PE.7R.BFG.P2.PNT.005.00 | L76: Piano secondo | M76: 1:100
A77: =ROW()-3 -> 74 | B77: RILIEVO - CORPO B/F/G | C77: =WBS!$A$2 | D77: PE | E77: 7R | F77: BFG | G77: P3 | H77: PNT | I77: 006 | J77: 00 | K77: =CONCATENATE(D77,".",E77,".",F77,".",G77,".",H77,".",I77,".",J77) -> PE.7R.BFG.P3.PNT.006.00 | L77: Piano terzo | M77: 1:100
A78: =ROW()-3 -> 75 | B78: RILIEVO - CORPO B/F/G | C78: =WBS!$A$2 | D78: PE | E78: 7R | F78: BFG | G78: P4 | H78: PNT | I78: 007 | J78: 00 | K78: =CONCATENATE(D78,".",E78,".",F78,".",G78,".",H78,".",I78,".",J78) -> PE.7R.BFG.P4.PNT.007.00 | L78: Piano quarto | M78: 1:100
A79: =ROW()-3 -> 76 | B79: RILIEVO - CORPO B/F/G | C79: =WBS!$A$2 | D79: PE | E79: 7R | F79: BFG | G79: P5 | H79: PNT | I79: 008 | J79: 00 | K79: =CONCATENATE(D79,".",E79,".",F79,".",G79,".",H79,".",I79,".",J79) -> PE.7R.BFG.P5.PNT.008.00 | L79: Piano quinto | M79: 1:100
A80: =ROW()-3 -> 77 | B80: RILIEVO - CORPO B/F/G | C80: =WBS!$A$2 | D80: PE | E80: 7R | F80: BFG | G80: PC | H80: PNT | I80: 009 | J80: 00 | K80: =CONCATENATE(D80,".",E80,".",F80,".",G80,".",H80,".",I80,".",J80) -> PE.7R.BFG.PC.PNT.009.00 | L80: Piano sesto | M80: 1:100
A81: =ROW()-3 -> 78 | B81: RILIEVO - CORPO B/F/G | C81: =WBS!$A$2 | D81: PE | E81: 7R | F81: BFG | G81: GE | H81: PRO | I81: 010 | J81: 00 | K81: =CONCATENATE(D81,".",E81,".",F81,".",G81,".",H81,".",I81,".",J81) -> PE.7R.BFG.GE.PRO.010.00 | L81: Prospetto Est | M81: 1:100
A82: =ROW()-3 -> 79 | B82: RILIEVO - CORPO B/F/G | C82: =WBS!$A$2 | D82: PE | E82: 7R | F82: BFG | G82: GE | H82: PRO | I82: 011 | J82: 00 | K82: =CONCATENATE(D82,".",E82,".",F82,".",G82,".",H82,".",I82,".",J82) -> PE.7R.BFG.GE.PRO.011.00 | L82: Prospetto Ovest | M82: 1:100
A83: =ROW()-3 -> 80 | B83: RILIEVO - CORPO B/F/G | C83: =WBS!$A$2 | D83: PE | E83: 7R | F83: BFG | G83: GE | H83: PRO | I83: 012 | J83: 00 | K83: =CONCATENATE(D83,".",E83,".",F83,".",G83,".",H83,".",I83,".",J83) -> PE.7R.BFG.GE.PRO.012.00 | L83: Prospetti Nord e Sud | M83: 1:100
... A86: =ROW()-3 -> 83 | B86: RILIEVO - CORPO B/F/G | C86: =WBS!$A$2 | D86: PE | E86: 7R | F86: BFG | G86: GE | H86: SEZ | I86: 015 | J86: 00 | K86: =CONCATENATE(D86,".",E86,".",F86,".",G86,".",H86,".",I86,".",J86) -> PE.7R.BFG.GE.SEZ.015.00 | L86: Sezione CC | M86: 1:100
A87: CORPO C / D / E / H
A88: =ROW()-3 -> 85 | B88: RILIEVO - CORPO C/D/H | C88: =WBS!$A$2 | D88: PE | E88: 7R | F88: CDEH | G88: PI | H88: PNT | I88: 001 | J88: 00 | K88: =CONCATENATE(D88,".",E88,".",F88,".",G88,".",H88,".",I88,".",J88) -> PE.7R.CDEH.PI.PNT.001.00 | L88: Piano interrato | M88: 1:100
A89: =ROW()-3 -> 86 | B89: RILIEVO - CORPO C/D/H | C89: =WBS!$A$2 | D89: PE | E89: 7R | F89: CDEH | G89: P0 | H89: PNT | I89: 002 | J89: 00 | K89: =CONCATENATE(D89,".",E89,".",F89,".",G89,".",H89,".",I89,".",J89) -> PE.7R.CDEH.P0.PNT.002.00 | L89: Piano terra - Quadrante A | M89: 1:100
A90: =ROW()-3 -> 87 | B90: RILIEVO - CORPO C/D/H | C90: =WBS!$A$2 | D90: PE | E90: 7R | F90: CDEH | G90: P0 | H90: PNT | I90: 003 | J90: 00 | K90: =CONCATENATE(D90,".",E90,".",F90,".",G90,".",H90,".",I90,".",J90) -> PE.7R.CDEH.P0.PNT.003.00 | L90: Piano terra - Quadrante B | M90: 1:100
A91: =ROW()-3 -> 88 | B91: RILIEVO - CORPO C/D/H | C91: =WBS!$A$2 | D91: PE | E91: 7R | F91: CDEH | G91: PR | H91: PNT | I91: 004 | J91: 00 | K91: =CONCATENATE(D91,".",E91,".",F91,".",G91,".",H91,".",I91,".",J91) -> PE.7R.CDEH.PR.PNT.004.00 | L91: Piano rialzato - Quadrante A | M91: 1:100
A92: =ROW()-3 -> 89 | B92: RILIEVO - CORPO C/D/H | C92: =WBS!$A$2 | D92: PE | E92: 7R | F92: CDEH | G92: PR | H92: PNT | I92: 005 | J92: 00 | K92: =CONCATENATE(D92,".",E92,".",F92,".",G92,".",H92,".",I92,".",J92) -> PE.7R.CDEH.PR.PNT.005.00 | L92: Piano rialzato - Quadrante B | M92: 1:100
A93: =ROW()-3 -> 90 | B93: RILIEVO - CORPO C/D/H | C93: =WBS!$A$2 | D93: PE | E93: 7R | F93: CDEH | G93: P1 | H93: PNT | I93: 006 | J93: 00 | K93: =CONCATENATE(D93,".",E93,".",F93,".",G93,".",H93,".",I93,".",J93) -> PE.7R.CDEH.P1.PNT.006.00 | L93: Piano primo - Quadrante A | M93: 1:100
A94: =ROW()-3 -> 91 | B94: RILIEVO - CORPO C/D/H | C94: =WBS!$A$2 | D94: PE | E94: 7R | F94: CDEH | G94: P1 | H94: PNT | I94: 007 | J94: 00 | K94: =CONCATENATE(D94,".",E94,".",F94,".",G94,".",H94,".",I94,".",J94) -> PE.7R.CDEH.P1.PNT.007.00 | L94: Piano primo - Quadrante B | M94: 1:100
A95: =ROW()-3 -> 92 | B95: RILIEVO - CORPO C/D/H | C95: =WBS!$A$2 | D95: PE | E95: 7R | F95: CDEH | G95: P2 | H95: PNT | I95: 008 | J95: 00 | K95: =CONCATENATE(D95,".",E95,".",F95,".",G95,".",H95,".",I95,".",J95) -> PE.7R.CDEH.P2.PNT.008.00 | L95: Piano secondo - Quadrante A | M95: 1:100
A96: =ROW()-3 -> 93 | B96: RILIEVO - CORPO C/D/H | C96: =WBS!$A$2 | D96: PE | E96: 7R | F96: CDEH | G96: P2 | H96: PNT | I96: 009 | J96: 00 | K96: =CONCATENATE(D96,".",E96,".",F96,".",G96,".",H96,".",I96,".",J96) -> PE.7R.CDEH.P2.PNT.009.00 | L96: Piano secondo - Quadrante B | M96: 1:100
A97: =ROW()-3 -> 94 | B97: RILIEVO - CORPO C/D/H | C97: =WBS!$A$2 | D97: PE | E97: 7R | F97: CDEH | G97: P3 | H97: PNT | I97: 010 | J97: 00 | K97: =CONCATENATE(D97,".",E97,".",F97,".",G97,".",H97,".",I97,".",J97) -> PE.7R.CDEH.P3.PNT.010.00 | L97: Piano terzo | M97: 1:100
A98: =ROW()-3 -> 95 | B98: RILIEVO - CORPO C/D/H | C98: =WBS!$A$2 | D98: PE | E98: 7R | F98: CDEH | G98: GE | H98: PRO | I98: 011 | J98: 00 | K98: =CONCATENATE(D98,".",E98,".",F98,".",G98,".",H98,".",I98,".",J98) -> PE.7R.CDEH.GE.PRO.011.00 | L98: Prospetto Est | M98: 1:100
A99: =ROW()-3 -> 96 | B99: RILIEVO - CORPO C/D/H | C99: =WBS!$A$2 | D99: PE | E99: 7R | F99: CDEH | G99: GE | H99: PRO | I99: 012 | J99: 00 | K99: =CONCATENATE(D99,".",E99,".",F99,".",G99,".",H99,".",I99,".",J99) -> PE.7R.CDEH.GE.PRO.012.00 | L99: Prospetto Ovest | M99: 1:100
... A104: =ROW()-3 -> 101 | B104: RILIEVO - CORPO C/D/H | C104: =WBS!$A$2 | D104: PE | E104: 7R | F104: CDEH | G104: GE | H104: SEZ | I104: 017 | J104: 00 | K104: =CONCATENATE(D104,".",E104,".",F104,".",G104,".",H104,".",I104,".",J104) -> PE.7R.CDEH.GE.SEZ.017.00 | L104: Sezione CC | M104: 1:100
A105: PROGETTO ARCHITETTONICO
B106: PROGETTO ARCHITETTONICO | C106: 25007 | D106: PE | E106: 1A | F106: GN | G106: GE | H106: PLN | I106: 100 | J106: 00 | K106: =CONCATENATE(D106,".",E106,".",F106,".",G106,".",H106,".",I106,".",J106) -> PE.1A.GN.GE.PLN.100.00 | L106: Inquadramento territoriale | M106: 1:1000
B107: PROGETTO ARCHITETTONICO | C107: 25007 | D107: PE | E107: 1A | F107: GN | G107: GE | H107: PLN | I107: 101 | J107: 00 | K107: =CONCATENATE(D107,".",E107,".",F107,".",G107,".",H107,".",I107,".",J107) -> PE.1A.GN.GE.PLN.101.00 | L107: Inquadramento lotto | M107: 1:100
B108: PROGETTO ARCHITETTONICO | C108: 25007 | D108: PE | E108: 1A | F108: GN | G108: PI | H108: PNT | I108: 102 | J108: 00 | K108: =CONCATENATE(D108,".",E108,".",F108,".",G108,".",H108,".",I108,".",J108) -> PE.1A.GN.PI.PNT.102.00 | L108: Stato attuale - Pianta piano interrato | M108: 1:50
B109: PROGETTO ARCHITETTONICO | C109: 25007 | D109: PE | E109: 1A | F109: GN | G109: P0 | H109: PNT | I109: 103 | J109: 00 | K109: =CONCATENATE(D109,".",E109,".",F109,".",G109,".",H109,".",I109,".",J109) -> PE.1A.GN.P0.PNT.103.00 | L109: Stato attuale - Pianta piano terra | M109: 1:50
B110: PROGETTO ARCHITETTONICO | C110: 25007 | D110: PE | E110: 1A | F110: GN | G110: P1 | H110: PNT | I110: 104 | J110: 00 | K110: =CONCATENATE(D110,".",E110,".",F110,".",G110,".",H110,".",I110,".",J110) -> PE.1A.GN.P1.PNT.104.00 | L110: Stato attuale - Pianta piano primo | M110: 1:50
B111: PROGETTO ARCHITETTONICO | C111: 25007 | D111: PE | E111: 1A | F111: GN | G111: P2 | H111: PNT | I111: 105 | J111: 00 | K111: =CONCATENATE(D111,".",E111,".",F111,".",G111,".",H111,".",I111,".",J111) -> PE.1A.GN.P2.PNT.105.00 | L111: Stato attuale - Pianta piano secondo | M111: 1:50
B112: PROGETTO ARCHITETTONICO | C112: 25007 | D112: PE | E112: 1A | F112: GN | G112: PC | H112: PNT | I112: 106 | J112: 00 | K112: =CONCATENATE(D112,".",E112,".",F112,".",G112,".",H112,".",I112,".",J112) -> PE.1A.GN.PC.PNT.106.00 | L112: Stato attuale - Copertura | M112: 1:50
B113: PROGETTO ARCHITETTONICO | C113: 25007 | D113: PE | E113: 1A | F113: GN | G113: GE | H113: SEZ | I113: 107 | J113: 00 | K113: =CONCATENATE(D113,".",E113,".",F113,".",G113,".",H113,".",I113,".",J113) -> PE.1A.GN.GE.SEZ.107.00 | L113: Stato attuale - Sezione AA’ e BB’ | M113: 1:50
B114: PROGETTO ARCHITETTONICO | C114: 25007 | D114: PE | E114: 1A | F114: GN | G114: GE | H114: PRO | I114: 108 | J114: 00 | K114: =CONCATENATE(D114,".",E114,".",F114,".",G114,".",H114,".",I114,".",J114) -> PE.1A.GN.GE.PRO.108.00 | L114: Stato attuale - Prospetti Nord e Sud | M114: 1:50
B115: PROGETTO ARCHITETTONICO | C115: 25007 | D115: PE | E115: 1A | F115: GN | G115: GE | H115: PRO | I115: 109 | J115: 00 | K115: =CONCATENATE(D115,".",E115,".",F115,".",G115,".",H115,".",I115,".",J115) -> PE.1A.GN.GE.PRO.109.00 | L115: Stato attuale - Prospetti Est e Ovest | M115: 1:50
B116: PROGETTO ARCHITETTONICO | C116: 25007 | D116: PE | E116: 1A | F116: GN | G116: PI | H116: PNT | I116: 110 | J116: 00 | K116: =CONCATENATE(D116,".",E116,".",F116,".",G116,".",H116,".",I116,".",J116) -> PE.1A.GN.PI.PNT.110.00 | L116: Sovrapposto - Pianta piano interrato | M116: 1:50
B117: PROGETTO ARCHITETTONICO | C117: 25007 | D117: PE | E117: 1A | F117: GN | G117: P0 | H117: PNT | I117: 111 | J117: 00 | K117: =CONCATENATE(D117,".",E117,".",F117,".",G117,".",H117,".",I117,".",J117) -> PE.1A.GN.P0.PNT.111.00 | L117: Sovrapposto - Pianta piano terra | M117: 1:50
... B155: PROGETTO ARCHITETTONICO | C155: 25007 | D155: PE | E155: 1A | F155: GN | G155: PC | H155: PNT | I155: 149 | J155: 00 | K155: =CONCATENATE(D155,".",E155,".",F155,".",G155,".",H155,".",I155,".",J155) -> PE.1A.GN.PC.PNT.149.00 | L155: Particolari costruttivi 02 | M155: 1:10
A156: PROGETTO STRUTTURALE
B157: PROGETTO STRUTTURALE | C157: 25007 | D157: PE | E157: 2S | F157: GN | G157: GE | H157: ELB | I157: 200 | J157: 00 | K157: =CONCATENATE(D157,".",E157,".",F157,".",G157,".",H157,".",I157,".",J157) -> PE.2S.GN.GE.ELB.200.00 | M157: 1:50
B158: PROGETTO STRUTTURALE | C158: 25007 | D158: PE | E158: 0G | F158: GN | G158: GE | H158: ELB | I158: 201 | K158: =CONCATENATE(D158,".",E158,".",F158,".",G158,".",H158,".",I158,".",J158) -> PE.0G.GN.GE.ELB.201.
B159: PROGETTO STRUTTURALE | C159: 25007 | D159: PE | E159: 0G | F159: GN | G159: GE | H159: ELB | I159: 202 | K159: =CONCATENATE(D159,".",E159,".",F159,".",G159,".",H159,".",I159,".",J159) -> PE.0G.GN.GE.ELB.202.
B160: PROGETTO STRUTTURALE | C160: 25007 | D160: PE | E160: 0G | F160: GN | G160: GE | H160: ELB | I160: 203 | K160: =CONCATENATE(D160,".",E160,".",F160,".",G160,".",H160,".",I160,".",J160) -> PE.0G.GN.GE.ELB.203.
A161: PROGETTO IMPIANTI ELETTRICI E MECCANICI
...

Sheet Elaborati Impianti
C3: Codice Elaborato | D3: Titolo
C4: IMPIANTI ELETTRICI
C5: EL-B01 | D5: Relazione tecnica impianti elettrici e speciali
C6: EL-B02 | D6: Relazione tecnica impianto fotovoltaico
C7: EL-B03 | D7: Relazione tecnica rischio fulminazione
C8: EL-B04 | D8: Relazione verifiche illuminotecniche
C10: EL-C04-01 | D10: Planimetria Impianti Illuminazione Piano Interrato
C11: EL-C04-02 | D11: Planimetria Impianti Illuminazione Piano Terra
C12: EL-C04-03 | D12: Planimetria Impianti Illuminazione Piano Primo
C13: EL-C04-04 | D13: Planimetria Impianti Illuminazione Piano Secondo
C15: EL-C04-06 | D15: Planimetria_Forza_Motrice_e_dati_Piano_Interrato
C16: EL-C04-07 | D16: Planimetria_Forza_Motrice_e_dati_Piano_Terra
C17: EL-C04-08 | D17: Planimetria_Forza_Motrice_e_dati_Piano_Primo
C18: EL-C04-09 | D18: Planimetria_Forza_Motrice_e_dati_Piano_Secondo
... C26: EL-C04-BMS | D26: Schemi e particolari Impianto BMS
C28: IMPIANTI MECCANICI
C29: IM-B02-01 | D29: Relazione Tecnica Impianti Meccanici
C30: IM-B03 | D30: Relazione Tecnica contenimento energetico ex L10
C31: IM-EL-03 | D31: Piano di Manutenzione Impianti Meccanici Elettrici
C33: IM-C03-01 | D33: Schema_Funzionale_Impianti_Meccanici
C34: IM-C03-02 | D34: Parte_Aeraulica_Planimetria_Piano_Interrato
C35: IM-C03-03 | D35: Parte_Aeraulica_Planimetria_Piano_Terra
C36: IM-C03-04 | D36: Parte_Aeraulica_Planimetria_Piano_Primo
C37: IM-C03-05 | D37: Parte_Aeraulica_Planimetria_Piano_Secondo
C38: IM-C03-06 | D38: Parte_Idronica_Planimetria_Piano_Interrato
C39: IM-C03-07 | D39: Parte_Idronica_Planimetria_Piano_Terra
C40: IM-C03-08 | D40: Parte_Idronica_Planimetria_Piano_Primo
C41: IM-C03-09 | D41: Parte_Idronica_Planimetria_Piano_Secondo
... C48: IM-C03-16 | D48: Schema Funzionale contabilizzazione calore
