Workbook

Sheet Riepilogo di esportazione
B3: Questo documento è stato esportato da Numbers. Tutte le tabelle sono state convertite in un foglio di lavoro di Excel. Tutti gli altri oggetti di ciascun foglio di Numbers sono stati collocati in fogli di lavoro separati. Nota che i calcoli delle formule potrebbero differire in Excel.
B7: Nome del foglio di Numbers | C7: Nome della tabella di Numbers | D7: Nome foglio di lavoro Excel
B9: WBS
C10: Tabella 1 | D10: WBS
B11: ELB_Esecutivo
C12: Tabella 1 | D12: ELB_Esecutivo

Sheet WBS
A1: CODICE PROGETTO | B1: STATO DEL PROGETTO | D1: AMBITO | F1: EDIFICIO | H1: LIVELLO | J1: TIPO DI ELABORATO
A2: 25007 | B2: PP | C2: Progetto Preliminare | D2: 0G | E2: Generali | F2: GN | G2: Generale | H2: GE | I2: Generale | J2: ELB | K2: Elenco elaborati
B3: PD | C3: Progetto Definitivo | D3: 1A | E3: Architettonici | F3: A | G3: Corpo A | H3: P0 | I3: Piano Terra | J3: REL | K3: Relazione
B4: PE | C4: Progetto Esecutivo | D4: 2S | E4: Strutturali | F4: B | G4: Corpo B | H4: P1 | I4: Piano Primo | J4: CAL | K4: Calcoli
B5: IN | C5: Piano di indagini | D5: 3I | E5: Impianti | F5: Z | G5: Colletto | H5: P2 | I5: Piano Secondo | J5: SCH | K5: Schema
D6: 4S | E6: Sicurezza | F6: C | G6: Corpo C | H6: P3 | I6: Piano Terzo | J6: VAL | K6: Valutazioni
D7: 7R | E7: Rilievo | F7: D | G7: Corpo D | H7: P4 | I7: Piano Terzo | J7: CME | K7: Computi Metrici
D8: 8PI | E8: Prevenzione Incendi | F8: F | G8: Corpo F | H8: P5 | I8: Piano Terzo | J8: EPU | K8: Elenco prezzi ed Analisi
F9: G | G9: Corpo G | H9: P6 | I9: Piano Terzo | J9: ANP | K9: Analisi prezzi
F10: H | G10: Corpo H | H10: P7 | I10: Piano Terzo | J10: CRO | K10: Cronoprogramma
F11: BFG | G11: Corpi BFG | H11: P8 | I11: Piano Terzo | J11: DIS | K11: Disciplinare
F12: CDEH | G12: Corpi CDEH | H12: P9 | I12: Piano Terzo | J12: CSA | K12: Capitolato Speciale
H13: P10 | I13: Piano Terzo | J13: QTE | K13: Quadro tecnico economico
H14: P11 | I14: Piano Terzo | J14: PLN | K14: Planimetria
H15: P12 | I15: Piano Terzo | J15: PNT | K15: Piante
H16: P13 | I16: Piano Terzo | J16: SEZ | K16: Sezioni
H17: P14 | I17: Piano Terzo | J17: PRO | K17: Prospetti
H18: P15 | I18: Piano Terzo | J18: ABA | K18: Abaco
H19: P16 | I19: Piano Terzo | J19: CRP | K19: Carpenterie
H20: P17 | I20: Piano Terzo | J20: ARM | K20: Armature
H21: P18 | I21: Piano Terzo | J21: MET | K21: Carpenteria Metallica
H22: P19 | I22: Piano Terzo | J22: DET | K22: Dettagli
H23: PI | I23: Piano Interrato | J23: INF | K23: Gestione informativa
H24: PR | I24: Piano rialzato | J24: CAP | K24: Capitolato Speciale
H25: PC | I25: Copertura | J25: SCC | K25: Schema di contratto
J26: TIP | K26: Tipologico

Sheet ELB_Esecutivo
A1: 25007_EX ARLECCHINO SITO IN PIAZZA CASTRUCCIO CASTRACANI A LIDO DI CAMAIORE_ | O1: Relazione/Tavola | P1: Copertina/Cartiglio | Q1: Ultima verifica | R1: Consegnato | S1: Note
A2: TW1923
B3: Disciplina | C3: Progetto | D3: Fase | E3: Disc. | F3: Edificio | G3: Liv. | H3: Tipo | I3: Prog. | J3: Rev | K3: Codice Elaborato | L3: Titolo Elaborato | M3: Scala | N3: Data consegna/revisione
B4: ELABORATI GENERALI | C4: 25007 | D4: PE | E4: 0G | F4: GN | G4: GE | H4: ELB | I4: 000 | J4: 00 | K4: =CONCATENATE(D4,".",E4,".",F4,".",G4,".",H4,".",I4,".",J4) -> PE.0G.GN.GE.ELB.000.00 | L4: Elenco degli elaborati | M4: -
B5: ELABORATI GENERALI | C5: 25007 | D5: PE | E5: 0G | F5: GN | G5: GE | H5: REL | I5: 001 | J5: 00 | K5: =CONCATENATE(D5,".",E5,".",F5,".",G5,".",H5,".",I5,".",J5) -> PE.0G.GN.GE.REL.001.00 | L5: Relazione generale | M5: -
B6: ELABORATI GENERALI | C6: 25007 | D6: PE | E6: 0G | F6: GN | G6: GE | H6: REL | I6: 002 | J6: 00 | K6: =CONCATENATE(D6,".",E6,".",F6,".",G6,".",H6,".",I6,".",J6) -> PE.0G.GN.GE.REL.002.00 | L6: Relazione sui Criteri Ambientali Minimi (CAM) | M6: -
B7: ELABORATI GENERALI | C7: 25007 | D7: PE | E7: 0G | F7: GN | G7: GE | H7: ELB | I7: 003 | J7: 00 | K7: =CONCATENATE(D7,".",E7,".",F7,".",G7,".",H7,".",I7,".",J7) -> PE.0G.GN.GE.ELB.003.00 | L7: Allegati CAM | M7: -
B8: ELABORATI GENERALI | C8: 25007 | D8: PE | E8: 0G | F8: GN | G8: GE | H8: REL | I8: 004 | J8: 00 | K8: =CONCATENATE(D8,".",E8,".",F8,".",G8,".",H8,".",I8,".",J8) -> PE.0G.GN.GE.REL.004.00 | L8: Relazione specialistica DNSH | M8: -
B9: ELABORATI GENERALI | C9: 25007 | D9: PE | E9: 0G | F9: GN | G9: GE | H9: REL | I9: 005 | J9: 00 | K9: =CONCATENATE(D9,".",E9,".",F9,".",G9,".",H9,".",I9,".",J9) -> PE.0G.GN.GE.REL.005.00 | L9: Relazione sulla gestione delle materie e rocce da scavo | M9: -
B10: ELABORATI GENERALI | C10: 25007 | D10: PE | E10: 0G | F10: GN | G10: GE | H10: REL | I10: 006 | J10: 00 | K10: =CONCATENATE(D10,".",E10,".",F10,".",G10,".",H10,".",I10,".",J10) -> PE.0G.GN.GE.REL.006.00 | L10: Relazione sulla prevenzione incendi | M10: -
B11: ELABORATI GENERALI | C11: 25007 | D11: PE | E11: 0G | F11: GN | G11: GE | H11: REL | I11: 007 | J11: 00 | K11: =CONCATENATE(D11,".",E11,".",F11,".",G11,".",H11,".",I11,".",J11) -> PE.0G.GN.GE.REL.007.00 | L11: Relazione requisiti acustici passivi | M11: -
B12: ELABORATI GENERALI | C12: 25007 | D12: PE | E12: 0G | F12: GN | G12: GE | H12: REL | I12: 008 | J12: 00 | K12: =CONCATENATE(D12,".",E12,".",F12,".",G12,".",H12,".",I12,".",J12) -> PE.0G.GN.GE.REL.008.00 | L12: Relazione geologica | M12: -
B13: ELABORATI GENERALI | C13: 25007 | D13: PE | E13: 0G | F13: GN | G13: GE | H13: ELB | I13: 009 | J13: 00 | K13: =CONCATENATE(D13,".",E13,".",F13,".",G13,".",H13,".",I13,".",J13) -> PE.0G.GN.GE.ELB.009.00 | L13: Piano di manutenzione | M13: -
B14: ELABORATI GENERALI | C14: 25007 | D14: PE | E14: 0G | F14: GN | G14: GE | H14: CRO | I14: 010 | J14: 00 | K14: =CONCATENATE(D14,".",E14,".",F14,".",G14,".",H14,".",I14,".",J14) -> PE.0G.GN.GE.CRO.010.00 | L14: Cronoprogramma dei lavori | M14: -
B15: ELABORATI GENERALI | C15: 25007 | D15: PE | E15: 0G | F15: GN | G15: GE | H15: QTE | I15: 011 | J15: 00 | K15: =CONCATENATE(D15,".",E15,".",F15,".",G15,".",H15,".",I15,".",J15) -> PE.0G.GN.GE.QTE.011.00 | L15: Quadro tecnico economico | M15: -
... B20: ELABORATI GENERALI | C20: 25007 | D20: PE | E20: 0G | F20: GN | G20: GE | H20: CME | I20: 016 | J20: 00 | K20: =CONCATENATE(D20,".",E20,".",F20,".",G20,".",H20,".",I20,".",J20) -> PE.0G.GN.GE.CME.016.00 | L20: Computo metrico estimativo_Oneri della sicurezza | M20: -
B21: ELABORATI GENERALI | C21: 25007 | D21: PE | E21: 0G | F21: GN | G21: GE | H21: CME | I21: 017 | J21: 00 | K21: =CONCATENATE(D21,".",E21,".",F21,".",G21,".",H21,".",I21,".",J21) -> PE.0G.GN.GE.CME.017.00 | L21: Quadro di incidenza della manodopera_Oneri della sicurezza
A22: ELABORATI DESCRITTIVI DELLE OPERE ARCHITETTONICHE
B23: ELABORATI GENERALI | C23: 25007 | D23: PE | E23: 1A | F23: GN | G23: GE | H23: REL | I23: 100 | J23: 00 | K23: =CONCATENATE(D23,".",E23,".",F23,".",G23,".",H23,".",I23,".",J23) -> PE.1A.GN.GE.REL.100.00 | L23: Relazione tecnica delle opere architettoniche e requisiti igienico sanitari | M23: -
B24: ELABORATI GENERALI | C24: 25007 | D24: PE | E24: 1A | F24: GN | G24: GE | H24: REL | I24: 101 | J24: 00 | K24: =CONCATENATE(D24,".",E24,".",F24,".",G24,".",H24,".",I24,".",J24) -> PE.1A.GN.GE.REL.101.00 | L24: Relazione sul superamento delle barriere architettoniche | M24: -
B25: ELABORATI GENERALI | C25: 25007 | D25: PE | E25: 1A | F25: GN | G25: GE | H25: CAP | I25: 102 | J25: 00 | K25: =CONCATENATE(D25,".",E25,".",F25,".",G25,".",H25,".",I25,".",J25) -> PE.1A.GN.GE.CAP.102.00 | L25: Capitolato speciale d'appalto - Parte tecnica - Opere edili | M25: -
B26: ELABORATI GENERALI | C26: 25007 | D26: PE | E26: 1A | F26: GN | G26: GE | H26: CME | I26: 103 | J26: 00 | K26: =CONCATENATE(D26,".",E26,".",F26,".",G26,".",H26,".",I26,".",J26) -> PE.1A.GN.GE.CME.103.00 | L26: Computo metrico estimativo - opere architettoniche
B27: ELABORATI GENERALI | C27: 25007 | D27: PE | E27: 1A | F27: GN | G27: GE | H27: CME | I27: 104 | J27: 00 | K27: =CONCATENATE(D27,".",E27,".",F27,".",G27,".",H27,".",I27,".",J27) -> PE.1A.GN.GE.CME.104.00 | L27: Quadro di incidenza della manodopera - opere architettoniche
B28: ELABORATI GENERALI | C28: 25007 | D28: PE | E28: 1A | F28: GN | G28: GE | H28: EPU | I28: 105 | J28: 00 | K28: =CONCATENATE(D28,".",E28,".",F28,".",G28,".",H28,".",I28,".",J28) -> PE.1A.GN.GE.EPU.105.00 | L28: Elenco ed analisi prezzi unitari - opere architettoniche
B29: ELABORATI GENERALI | C29: 25007 | D29: PE | E29: 1A | F29: GN | G29: GE | H29: ELB | I29: 106 | J29: 00 | K29: =CONCATENATE(D29,".",E29,".",F29,".",G29,".",H29,".",I29,".",J29) -> PE.1A.GN.GE.ELB.106.00 | L29: Quadro comparativo: PFTE e PE - opere architettoniche
A30: ELABORATI DESCRITTIVI DELLE OPERE STRUTTURALI
B31: ELABORATI GENERALI | C31: 25007 | D31: PE | E31: 2S | F31: GN | G31: GE | H31: REL | I31: 200 | J31: 00 | K31: =CONCATENATE(D31,".",E31,".",F31,".",G31,".",H31,".",I31,".",J31) -> PE.2S.GN.GE.REL.200.00 | L31: Relazione tecnica generale delle opere strutturali | M31: -
B32: ELABORATI GENERALI | C32: 25007 | D32: PE | E32: 2S | F32: GN | G32: GE | H32: REL | I32: 201 | J32: 00 | K32: =CONCATENATE(D32,".",E32,".",F32,".",G32,".",H32,".",I32,".",J32) -> PE.2S.GN.GE.REL.201.00 | L32: Relazione sui materiali delle opere strutturali | M32: -
B33: ELABORATI GENERALI | C33: 25007 | D33: PE | E33: 2S | F33: GN | G33: GE | H33: REL | I33: 202 | J33: 00 | K33: =CONCATENATE(D33,".",E33,".",F33,".",G33,".",H33,".",I33,".",J33) -> PE.2S.GN.GE.REL.202.00 | L33: Relazione di calcolo delle fondazioni | M33: -
B34: ELABORATI GENERALI | C34: 25007 | D34: PE | E34: 2S | F34: GN | G34: GE | H34: REL | I34: 203 | J34: 00 | K34: =CONCATENATE(D34,".",E34,".",F34,".",G34,".",H34,".",I34,".",J34) -> PE.2S.GN.GE.REL.203.00 | L34: Relazione geotecnica | M34: -
B35: ELABORATI GENERALI | C35: 25007 | D35: PE | E35: 2S | F35: GN | G35: GE | H35: REL | I35: 204 | J35: 00 | K35: =CONCATENATE(D35,".",E35,".",F35,".",G35,".",H35,".",I35,".",J35) -> PE.2S.GN.GE.REL.204.00 | L35: Relazione di calcolo delle opere strutturali | M35: -
B36: ELABORATI GENERALI | C36: 25007 | D36: PE | E36: 2S | F36: GN | G36: GE | H36: REL | I36: 205 | J36: 00 | K36: =CONCATENATE(D36,".",E36,".",F36,".",G36,".",H36,".",I36,".",J36) -> PE.2S.GN.GE.REL.205.00 | L36: Relazione di calcolo delle opere prefabbricate | M36: -
B37: ELABORATI GENERALI | C37: 25007 | D37: PE | E37: 2S | F37: GN | G37: GE | H37: CAP | I37: 206 | J37: 00 | K37: =CONCATENATE(D37,".",E37,".",F37,".",G37,".",H37,".",I37,".",J37) -> PE.2S.GN.GE.CAP.206.00 | L37: Capitolato speciale d'appalto - Parte tecnica - Opere strutturali | M37: -
B38: ELABORATI GENERALI | C38: 25007 | D38: PE | E38: 2S | F38: GN | G38: GE | H38: REL | I38: 207 | J38: 00 | K38: =CONCATENATE(D38,".",E38,".",F38,".",G38,".",H38,".",I38,".",J38) -> PE.2S.GN.GE.REL.207.00 | L38: Piano di manutenzione strutture in opera | M38: -
B39: ELABORATI GENERALI | C39: 25007 | D39: PE | E39: 2S | F39: GN | G39: GE | H39: REL | I39: 208 | J39: 00 | K39: =CONCATENATE(D39,".",E39,".",F39,".",G39,".",H39,".",I39,".",J39) -> PE.2S.GN.GE.REL.208.00 | L39: Piano di manutenzione strutture prefabbricate | M39: -
B40: ELABORATI GENERALI | C40: 25007 | D40: PE | E40: 2S | F40: GN | G40: GE | H40: CME | I40: 209 | J40: 00 | K40: =CONCATENATE(D40,".",E40,".",F40,".",G40,".",H40,".",I40,".",J40) -> PE.2S.GN.GE.CME.209.00 | L40: Computo metrico estimativo - opere strutturali
B41: ELABORATI GENERALI | C41: 25007 | D41: PE | E41: 2S | F41: GN | G41: GE | H41: CME | I41: 210 | J41: 00 | K41: =CONCATENATE(D41,".",E41,".",F41,".",G41,".",H41,".",I41,".",J41) -> PE.2S.GN.GE.CME.210.00 | L41: Quadro di incidenza della manodopera - opere strutturali
B42: ELABORATI GENERALI | C42: 25007 | D42: PE | E42: 2S | F42: GN | G42: GE | H42: EPU | I42: 211 | J42: 00 | K42: =CONCATENATE(D42,".",E42,".",F42,".",G42,".",H42,".",I42,".",J42) -> PE.2S.GN.GE.EPU.211.00 | L42: Elenco ed analisi prezzi unitari - opere strutturali
B43: ELABORATI GENERALI | C43: 25007 | D43: PE | E43: 2S | F43: GN | G43: GE | H43: ELB | I43: 212 | J43: 00 | K43: =CONCATENATE(D43,".",E43,".",F43,".",G43,".",H43,".",I43,".",J43) -> PE.2S.GN.GE.ELB.212.00 | L43: Quadro comparativo: PFTE e PE - opere strutturali
A44: ELABORATI DESCRITTIVI DEGLI IMPIANTI ELETTRICI
B45: ELABORATI GENERALI | C45: 25007 | D45: PE | E45: 3I | F45: GN | G45: GE | H45: REL | I45: 300 | J45: 00 | K45: =CONCATENATE(D45,".",E45,".",F45,".",G45,".",H45,".",I45,".",J45) -> PE.3I.GN.GE.REL.300.00 | L45: Relazione tecnica impianti elettrici e speciali | M45: -
B46: ELABORATI GENERALI | C46: 25007 | D46: PE | E46: 3I | F46: GN | G46: GE | H46: REL | I46: 301 | J46: 00 | K46: =CONCATENATE(D46,".",E46,".",F46,".",G46,".",H46,".",I46,".",J46) -> PE.3I.GN.GE.REL.301.00 | L46: Relazione tecnica impianto fotovoltaico | M46: -
B47: ELABORATI GENERALI | C47: 25007 | D47: PE | E47: 3I | F47: GN | G47: GE | H47: REL | I47: 302 | J47: 00 | K47: =CONCATENATE(D47,".",E47,".",F47,".",G47,".",H47,".",I47,".",J47) -> PE.3I.GN.GE.REL.302.00 | L47: Relazione tecnica impianto fulminazione | M47: -
B48: ELABORATI GENERALI | C48: 25007 | D48: PE | E48: 3I | F48: GN | G48: GE | H48: REL | I48: 303 | J48: 00 | K48: =CONCATENATE(D48,".",E48,".",F48,".",G48,".",H48,".",I48,".",J48) -> PE.3I.GN.GE.REL.303.00 | L48: Relazione verifiche illuminotecniche | M48: -
B49: ELABORATI GENERALI | C49: 25007 | D49: PE | E49: 3I | F49: GN | G49: GE | H49: CAP | I49: 304 | J49: 00 | K49: =CONCATENATE(D49,".",E49,".",F49,".",G49,".",H49,".",I49,".",J49) -> PE.3I.GN.GE.CAP.304.00 | L49: Capitolato speciale d'appalto - Parte tecnica - Opere impiantistiche_elettrico | M49: -
A50: ELABORATI DESCRITTIVI DEGLI IMPIANTI MECCANICI
B51: ELABORATI GENERALI | C51: 25007 | D51: PE | E51: 3I | F51: GN | G51: GE | H51: REL | I51: 305 | J51: 00 | K51: =CONCATENATE(D51,".",E51,".",F51,".",G51,".",H51,".",I51,".",J51) -> PE.3I.GN.GE.REL.305.00 | L51: Relazione Tecnica Impianti Meccanici | M51: -
B52: ELABORATI GENERALI | C52: 25007 | D52: PE | E52: 3I | F52: GN | G52: GE | H52: REL | I52: 306 | J52: 00 | K52: =CONCATENATE(D52,".",E52,".",F52,".",G52,".",H52,".",I52,".",J52) -> PE.3I.GN.GE.REL.306.00 | L52: Relazione Tecnica contenimento energetico ex L10 | M52: -
B53: ELABORATI GENERALI | C53: 25007 | D53: PE | E53: 3I | F53: GN | G53: GE | H53: ELB | I53: 307 | J53: 00 | K53: =CONCATENATE(D53,".",E53,".",F53,".",G53,".",H53,".",I53,".",J53) -> PE.3I.GN.GE.ELB.307.00 | L53: Piano di Manutenzione Impianti Meccanici Elettrici | M53: -
B54: ELABORATI GENERALI | C54: 25007 | D54: PE | E54: 3I | F54: GN | G54: GE | H54: CAP | I54: 308 | J54: 00 | K54: =CONCATENATE(D54,".",E54,".",F54,".",G54,".",H54,".",I54,".",J54) -> PE.3I.GN.GE.CAP.308.00 | L54: Capitolato speciale d'appalto - Parte tecnica - Opere impiantistiche_meccanico | M54: -
B55: ELABORATI GENERALI | C55: 25007 | D55: PE | E55: 3I | F55: GN | G55: GE | H55: CME | I55: 309 | J55: 00 | K55: =CONCATENATE(D55,".",E55,".",F55,".",G55,".",H55,".",I55,".",J55) -> PE.3I.GN.GE.CME.309.00 | L55: Computo metrico estimativo - opere impiantistiche
B56: ELABORATI GENERALI | C56: 25007 | D56: PE | E56: 3I | F56: GN | G56: GE | H56: CME | I56: 310 | J56: 00 | K56: =CONCATENATE(D56,".",E56,".",F56,".",G56,".",H56,".",I56,".",J56) -> PE.3I.GN.GE.CME.310.00 | L56: Quadro di incidenza della manodopera - opere impiantistiche
B57: ELABORATI GENERALI | C57: 25007 | D57: PE | E57: 3I | F57: GN | G57: GE | H57: EPU | I57: 311 | J57: 00 | K57: =CONCATENATE(D57,".",E57,".",F57,".",G57,".",H57,".",I57,".",J57) -> PE.3I.GN.GE.EPU.311.00 | L57: Elenco ed analisi prezzi unitari - opere impiantistiche
B58: ELABORATI GENERALI | C58: 25007 | D58: PE | E58: 3I | F58: GN | G58: GE | H58: ELB | I58: 312 | J58: 00 | K58: =CONCATENATE(D58,".",E58,".",F58,".",G58,".",H58,".",I58,".",J58) -> PE.3I.GN.GE.ELB.312.00 | L58: Quadro comparativo: PFTE e PE - opere impiantistiche
A59: RILIEVO
A60: CORPO A
A61: =ROW()-3 -> 58 | B61: RILIEVO - CORPO A | C61: ='WBS'!$A$2 -> 25007 | D61: PE | E61: 7R | F61: A | G61: PI | H61: PNT | I61: 001 | J61: 00 | K61: =CONCATENATE(D61,".",E61,".",F61,".",G61,".",H61,".",I61,".",J61) -> PE.7R.A.PI.PNT.001.00 | L61: Piano interrato | M61: 1:100
A62: =ROW()-3 -> 59 | B62: RILIEVO - CORPO A | C62: ='WBS'!$A$2 -> 25007 | D62: PE | E62: 7R | F62: A | G62: P0 | H62: PNT | I62: 002 | J62: 00 | K62: =CONCATENATE(D62,".",E62,".",F62,".",G62,".",H62,".",I62,".",J62) -> PE.7R.A.P0.PNT.002.00 | L62: Piano terra | M62: 1:100
A63: =ROW()-3 -> 60 | B63: RILIEVO - CORPO A | C63: ='WBS'!$A$2 -> 25007 | D63: PE | E63: 7R | F63: A | G63: PR | H63: PNT | I63: 003 | J63: 00 | K63: =CONCATENATE(D63,".",E63,".",F63,".",G63,".",H63,".",I63,".",J63) -> PE.7R.A.PR.PNT.003.00 | L63: Piano rialzato | M63: 1:100
A64: =ROW()-3 -> 61 | B64: RILIEVO - CORPO A | C64: ='WBS'!$A$2 -> 25007 | D64: PE | E64: 7R | F64: A | G64: P1 | H64: PNT | I64: 004 | J64: 00 | K64: =CONCATENATE(D64,".",E64,".",F64,".",G64,".",H64,".",I64,".",J64) -> PE.7R.A.P1.PNT.004.00 | L64: Piano primo | M64: 1:100
A65: =ROW()-3 -> 62 | B65: RILIEVO - CORPO A | C65: ='WBS'!$A$2 -> 25007 | D65: PE | E65: 7R | F65: A | G65: P2 | H65: PNT | I65: 005 | J65: 00 | K65: =CONCATENATE(D65,".",E65,".",F65,".",G65,".",H65,".",I65,".",J65) -> PE.7R.A.P2.PNT.005.00 | L65: Piano secondo | M65: 1:100
A66: =ROW()-3 -> 63 | B66: RILIEVO - CORPO A | C66: ='WBS'!$A$2 -> 25007 | D66: PE | E66: 7R | F66: A | G66: P3 | H66: PNT | I66: 006 | J66: 00 | K66: =CONCATENATE(D66,".",E66,".",F66,".",G66,".",H66,".",I66,".",J66) -> PE.7R.A.P3.PNT.006.00 | L66: Piano terzo | M66: 1:100
A67: =ROW()-3 -> 64 | B67: RILIEVO - CORPO A | C67: ='WBS'!$A$2 -> 25007 | D67: PE | E67: 7R | F67: A | G67: P4 | H67: PNT | I67: 007 | J67: 00 | K67: =CONCATENATE(D67,".",E67,".",F67,".",G67,".",H67,".",I67,".",J67) -> PE.7R.A.P4.PNT.007.00 | L67: Piano quarto | M67: 1:100
A68: =ROW()-3 -> 65 | B68: RILIEVO - CORPO A | C68: ='WBS'!$A$2 -> 25007 | D68: PE | E68: 7R | F68: A | G68: P5 | H68: PNT | I68: 008 | J68: 00 | K68: =CONCATENATE(D68,".",E68,".",F68,".",G68,".",H68,".",I68,".",J68) -> PE.7R.A.P5.PNT.008.00 | L68: Piano quinto | M68: 1:100
A69: =ROW()-3 -> 66 | B69: RILIEVO - CORPO A | C69: ='WBS'!$A$2 -> 25007 | D69: PE | E69: 7R | F69: A | G69: P6 | H69: PNT | I69: 009 | J69: 00 | K69: =CONCATENATE(D69,".",E69,".",F69,".",G69,".",H69,".",I69,".",J69) -> PE.7R.A.P6.PNT.009.00 | L69: Piano sesto | M69: 1:100
A70: =ROW()-3 -> 67 | B70: RILIEVO - CORPO A | C70: ='WBS'!$A$2 -> 25007 | D70: PE | E70: 7R | F70: A | G70: P7 | H70: PNT | I70: 010 | J70: 00 | K70: =CONCATENATE(D70,".",E70,".",F70,".",G70,".",H70,".",I70,".",J70) -> PE.7R.A.P7.PNT.010.00 | L70: Piano settimo | M70: 1:100
A71: =ROW()-3 -> 68 | B71: RILIEVO - CORPO A | C71: ='WBS'!$A$2 -> 25007 | D71: PE | E71: 7R | F71: A | G71: P8 | H71: PNT | I71: 011 | J71: 00 | K71: =CONCATENATE(D71,".",E71,".",F71,".",G71,".",H71,".",I71,".",J71) -> PE.7R.A.P8.PNT.011.00 | L71: Piano ottavo | M71: 1:100
A72: =ROW()-3 -> 69 | B72: RILIEVO - CORPO A | C72: ='WBS'!$A$2 -> 25007 | D72: PE | E72: 7R | F72: A | G72: P9 | H72: PNT | I72: 012 | J72: 00 | K72: =CONCATENATE(D72,".",E72,".",F72,".",G72,".",H72,".",I72,".",J72) -> PE.7R.A.P9.PNT.012.00 | L72: Piano nono | M72: 1:100
... A87: =ROW()-3 -> 84 | B87: RILIEVO - CORPO A | C87: ='WBS'!$A$2 -> 25007 | D87: PE | E87: 7R | F87: A | G87: GE | H87: SEZ | I87: 027 | J87: 00 | K87: =CONCATENATE(D87,".",E87,".",F87,".",G87,".",H87,".",I87,".",J87) -> PE.7R.A.GE.SEZ.027.00 | L87: Sezione DD | M87: 1:100
A88: CORPO B / F /G
A89: =ROW()-3 -> 86 | B89: RILIEVO - CORPO B/F/G | C89: ='WBS'!$A$2 -> 25007 | D89: PE | E89: 7R | F89: BFG | G89: PI | H89: PNT | I89: 001 | J89: 00 | K89: =CONCATENATE(D89,".",E89,".",F89,".",G89,".",H89,".",I89,".",J89) -> PE.7R.BFG.PI.PNT.001.00 | L89: Piano interrato | M89: 1:100
A90: =ROW()-3 -> 87 | B90: RILIEVO - CORPO B/F/G | C90: ='WBS'!$A$2 -> 25007 | D90: PE | E90: 7R | F90: BFG | G90: P0 | H90: PNT | I90: 002 | J90: 00 | K90: =CONCATENATE(D90,".",E90,".",F90,".",G90,".",H90,".",I90,".",J90) -> PE.7R.BFG.P0.PNT.002.00 | L90: Piano terra | M90: 1:100
A91: =ROW()-3 -> 88 | B91: RILIEVO - CORPO B/F/G | C91: ='WBS'!$A$2 -> 25007 | D91: PE | E91: 7R | F91: BFG | G91: PR | H91: PNT | I91: 003 | J91: 00 | K91: =CONCATENATE(D91,".",E91,".",F91,".",G91,".",H91,".",I91,".",J91) -> PE.7R.BFG.PR.PNT.003.00 | L91: Piano rialzato | M91: 1:100
A92: =ROW()-3 -> 89 | B92: RILIEVO - CORPO B/F/G | C92: ='WBS'!$A$2 -> 25007 | D92: PE | E92: 7R | F92: BFG | G92: P1 | H92: PNT | I92: 004 | J92: 00 | K92: =CONCATENATE(D92,".",E92,".",F92,".",G92,".",H92,".",I92,".",J92) -> PE.7R.BFG.P1.PNT.004.00 | L92: Piano primo | M92: 1:100
A93: =ROW()-3 -> 90 | B93: RILIEVO - CORPO B/F/G | C93: ='WBS'!$A$2 -> 25007 | D93: PE | E93: 7R | F93: BFG | G93: P2 | H93: PNT | I93: 005 | J93: 00 | K93: =CONCATENATE(D93,".",E93,".",F93,".",G93,".",H93,".",I93,".",J93) -> PE.7R.BFG.P2.PNT.005.00 | L93: Piano secondo | M93: 1:100
A94: =ROW()-3 -> 91 | B94: RILIEVO - CORPO B/F/G | C94: ='WBS'!$A$2 -> 25007 | D94: PE | E94: 7R | F94: BFG | G94: P3 | H94: PNT | I94: 006 | J94: 00 | K94: =CONCATENATE(D94,".",E94,".",F94,".",G94,".",H94,".",I94,".",J94) -> PE.7R.BFG.P3.PNT.006.00 | L94: Piano terzo | M94: 1:100
A95: =ROW()-3 -> 92 | B95: RILIEVO - CORPO B/F/G | C95: ='WBS'!$A$2 -> 25007 | D95: PE | E95: 7R | F95: BFG | G95: P4 | H95: PNT | I95: 007 | J95: 00 | K95: =CONCATENATE(D95,".",E95,".",F95,".",G95,".",H95,".",I95,".",J95) -> PE.7R.BFG.P4.PNT.007.00 | L95: Piano quarto | M95: 1:100
A96: =ROW()-3 -> 93 | B96: RILIEVO - CORPO B/F/G | C96: ='WBS'!$A$2 -> 25007 | D96: PE | E96: 7R | F96: BFG | G96: P5 | H96: PNT | I96: 008 | J96: 00 | K96: =CONCATENATE(D96,".",E96,".",F96,".",G96,".",H96,".",I96,".",J96) -> PE.7R.BFG.P5.PNT.008.00 | L96: Piano quinto | M96: 1:100
A97: =ROW()-3 -> 94 | B97: RILIEVO - CORPO B/F/G | C97: ='WBS'!$A$2 -> 25007 | D97: PE | E97: 7R | F97: BFG | G97: PC | H97: PNT | I97: 009 | J97: 00 | K97: =CONCATENATE(D97,".",E97,".",F97,".",G97,".",H97,".",I97,".",J97) -> PE.7R.BFG.PC.PNT.009.00 | L97: Piano sesto | M97: 1:100
A98: =ROW()-3 -> 95 | B98: RILIEVO - CORPO B/F/G | C98: ='WBS'!$A$2 -> 25007 | D98: PE | E98: 7R | F98: BFG | G98: GE | H98: PRO | I98: 010 | J98: 00 | K98: =CONCATENATE(D98,".",E98,".",F98,".",G98,".",H98,".",I98,".",J98) -> PE.7R.BFG.GE.PRO.010.00 | L98: Prospetto Est | M98: 1:100
A99: =ROW()-3 -> 96 | B99: RILIEVO - CORPO B/F/G | C99: ='WBS'!$A$2 -> 25007 | D99: PE | E99: 7R | F99: BFG | G99: GE | H99: PRO | I99: 011 | J99: 00 | K99: =CONCATENATE(D99,".",E99,".",F99,".",G99,".",H99,".",I99,".",J99) -> PE.7R.BFG.GE.PRO.011.00 | L99: Prospetto Ovest | M99: 1:100
A100: =ROW()-3 -> 97 | B100: RILIEVO - CORPO B/F/G | C100: ='WBS'!$A$2 -> 25007 | D100: PE | E100: 7R | F100: BFG | G100: GE | H100: PRO | I100: 012 | J100: 00 | K100: =CONCATENATE(D100,".",E100,".",F100,".",G100,".",H100,".",I100,".",J100) -> PE.7R.BFG.GE.PRO.012.00 | L100: Prospetti Nord e Sud | M100: 1:100
... A103: =ROW()-3 -> 100 | B103: RILIEVO - CORPO B/F/G | C103: ='WBS'!$A$2 -> 25007 | D103: PE | E103: 7R | F103: BFG | G103: GE | H103: SEZ | I103: 015 | J103: 00 | K103: =CONCATENATE(D103,".",E103,".",F103,".",G103,".",H103,".",I103,".",J103) -> PE.7R.BFG.GE.SEZ.015.00 | L103: Sezione CC | M103: 1:100
A104: CORPO C / D / E / H
A105: =ROW()-3 -> 102 | B105: RILIEVO - CORPO C/D/H | C105: ='WBS'!$A$2 -> 25007 | D105: PE | E105: 7R | F105: CDEH | G105: PI | H105: PNT | I105: 001 | J105: 00 | K105: =CONCATENATE(D105,".",E105,".",F105,".",G105,".",H105,".",I105,".",J105) -> PE.7R.CDEH.PI.PNT.001.00 | L105: Piano interrato | M105: 1:100
A106: =ROW()-3 -> 103 | B106: RILIEVO - CORPO C/D/H | C106: ='WBS'!$A$2 -> 25007 | D106: PE | E106: 7R | F106: CDEH | G106: P0 | H106: PNT | I106: 002 | J106: 00 | K106: =CONCATENATE(D106,".",E106,".",F106,".",G106,".",H106,".",I106,".",J106) -> PE.7R.CDEH.P0.PNT.002.00 | L106: Piano terra - Quadrante A | M106: 1:100
A107: =ROW()-3 -> 104 | B107: RILIEVO - CORPO C/D/H | C107: ='WBS'!$A$2 -> 25007 | D107: PE | E107: 7R | F107: CDEH | G107: P0 | H107: PNT | I107: 003 | J107: 00 | K107: =CONCATENATE(D107,".",E107,".",F107,".",G107,".",H107,".",I107,".",J107) -> PE.7R.CDEH.P0.PNT.003.00 | L107: Piano terra - Quadrante B | M107: 1:100
A108: =ROW()-3 -> 105 | B108: RILIEVO - CORPO C/D/H | C108: ='WBS'!$A$2 -> 25007 | D108: PE | E108: 7R | F108: CDEH | G108: PR | H108: PNT | I108: 004 | J108: 00 | K108: =CONCATENATE(D108,".",E108,".",F108,".",G108,".",H108,".",I108,".",J108) -> PE.7R.CDEH.PR.PNT.004.00 | L108: Piano rialzato - Quadrante A | M108: 1:100
A109: =ROW()-3 -> 106 | B109: RILIEVO - CORPO C/D/H | C109: ='WBS'!$A$2 -> 25007 | D109: PE | E109: 7R | F109: CDEH | G109: PR | H109: PNT | I109: 005 | J109: 00 | K109: =CONCATENATE(D109,".",E109,".",F109,".",G109,".",H109,".",I109,".",J109) -> PE.7R.CDEH.PR.PNT.005.00 | L109: Piano rialzato - Quadrante B | M109: 1:100
A110: =ROW()-3 -> 107 | B110: RILIEVO - CORPO C/D/H | C110: ='WBS'!$A$2 -> 25007 | D110: PE | E110: 7R | F110: CDEH | G110: P1 | H110: PNT | I110: 006 | J110: 00 | K110: =CONCATENATE(D110,".",E110,".",F110,".",G110,".",H110,".",I110,".",J110) -> PE.7R.CDEH.P1.PNT.006.00 | L110: Piano primo - Quadrante A | M110: 1:100
A111: =ROW()-3 -> 108 | B111: RILIEVO - CORPO C/D/H | C111: ='WBS'!$A$2 -> 25007 | D111: PE | E111: 7R | F111: CDEH | G111: P1 | H111: PNT | I111: 007 | J111: 00 | K111: =CONCATENATE(D111,".",E111,".",F111,".",G111,".",H111,".",I111,".",J111) -> PE.7R.CDEH.P1.PNT.007.00 | L111: Piano primo - Quadrante B | M111: 1:100
A112: =ROW()-3 -> 109 | B112: RILIEVO - CORPO C/D/H | C112: ='WBS'!$A$2 -> 25007 | D112: PE | E112: 7R | F112: CDEH | G112: P2 | H112: PNT | I112: 008 | J112: 00 | K112: =CONCATENATE(D112,".",E112,".",F112,".",G112,".",H112,".",I112,".",J112) -> PE.7R.CDEH.P2.PNT.008.00 | L112: Piano secondo - Quadrante A | M112: 1:100
A113: =ROW()-3 -> 110 | B113: RILIEVO - CORPO C/D/H | C113: ='WBS'!$A$2 -> 25007 | D113: PE | E113: 7R | F113: CDEH | G113: P2 | H113: PNT | I113: 009 | J113: 00 | K113: =CONCATENATE(D113,".",E113,".",F113,".",G113,".",H113,".",I113,".",J113) -> PE.7R.CDEH.P2.PNT.009.00 | L113: Piano secondo - Quadrante B | M113: 1:100
A114: =ROW()-3 -> 111 | B114: RILIEVO - CORPO C/D/H | C114: ='WBS'!$A$2 -> 25007 | D114: PE | E114: 7R | F114: CDEH | G114: P3 | H114: PNT | I114: 010 | J114: 00 | K114: =CONCATENATE(D114,".",E114,".",F114,".",G114,".",H114,".",I114,".",J114) -> PE.7R.CDEH.P3.PNT.010.00 | L114: Piano terzo | M114: 1:100
A115: =ROW()-3 -> 112 | B115: RILIEVO - CORPO C/D/H | C115: ='WBS'!$A$2 -> 25007 | D115: PE | E115: 7R | F115: CDEH | G115: GE | H115: PRO | I115: 011 | J115: 00 | K115: =CONCATENATE(D115,".",E115,".",F115,".",G115,".",H115,".",I115,".",J115) -> PE.7R.CDEH.GE.PRO.011.00 | L115: Prospetto Est | M115: 1:100
A116: =ROW()-3 -> 113 | B116: RILIEVO - CORPO C/D/H | C116: ='WBS'!$A$2 -> 25007 | D116: PE | E116: 7R | F116: CDEH | G116: GE | H116: PRO | I116: 012 | J116: 00 | K116: =CONCATENATE(D116,".",E116,".",F116,".",G116,".",H116,".",I116,".",J116) -> PE.7R.CDEH.GE.PRO.012.00 | L116: Prospetto Ovest | M116: 1:100
... A121: =ROW()-3 -> 118 | B121: RILIEVO - CORPO C/D/H | C121: ='WBS'!$A$2 -> 25007 | D121: PE | E121: 7R | F121: CDEH | G121: GE | H121: SEZ | I121: 017 | J121: 00 | K121: =CONCATENATE(D121,".",E121,".",F121,".",G121,".",H121,".",I121,".",J121) -> PE.7R.CDEH.GE.SEZ.017.00 | L121: Sezione CC | M121: 1:100
A122: PROGETTO ARCHITETTONICO
B123: PROGETTO ARCHITETTONICO | C123: 25007 | D123: PE | E123: 1A | F123: GN | G123: GE | H123: PLN | I123: 100 | J123: 00 | K123: =CONCATENATE(D123,".",E123,".",F123,".",G123,".",H123,".",I123,".",J123) -> PE.1A.GN.GE.PLN.100.00 | L123: Inquadramento territoriale | M123: 1:1000
B124: PROGETTO ARCHITETTONICO | C124: 25007 | D124: PE | E124: 1A | F124: GN | G124: GE | H124: PLN | I124: 101 | J124: 00 | K124: =CONCATENATE(D124,".",E124,".",F124,".",G124,".",H124,".",I124,".",J124) -> PE.1A.GN.GE.PLN.101.00 | L124: Inquadramento lotto | M124: 1:100
...
